,movie,year
0,Bait (2000 film),2000
1,Beautiful (2000 film),2000
2,Beautiful People,2000
3,Bedazzled (2000 film),2000
4,Black and White (1999 drama film),2000
5,Boys and Girls (2000 film),2000
6,Cecil B. Demented,2000
7,Center Stage (2000 film),2000
8,Charlie's Angels (2000 film),2000
9,Chocolat (2000 film),2000
10,Crime and Punishment in Suburbia,2000
11,Disney's The Kid,2000
12,Drunken Master II,2000
13,Enter the Dragon,2000
14,Eye of the Beholder,2000
15,Fantasia 2000,2000
16,Funny Bones,2000
17,Get Carter (2000 film),2000
18,Gladiator (2000 film),2000
19,Godzilla 2000,2000
20,Gone in 60 Seconds (2000 film),2000
21,Gossip (2000 American film),2000
22,Hans Zimmer,2000
23,Held Up,2000
24,How the Grinch Stole Christmas (2000 film),2000
25,Liar Liar,2000
26,Mercy Streets,2000
27,Michael Jordan to the Max,2000
28,Mission: Impossible 2,2000
29,Mr. Accident,2000
30,North Sea Hijack,2000
31,Panic (2000 film),2000
32,Pokémon: The Movie 2000,2000
33,Price of Glory,2000
34,Saving Grace (2000 film),2000
35,Screwed (2000 film),2000
36,Shaft (2000 film),2000
37,Supernova (2000 film),2000
38,Tan Dun,2000
39,The Adventures of Rocky and Bullwinkle,2000
40,The Big Tease,2000
41,The Claim (2000 film),2000
42,The Contender (2000 film),2000
43,The Crew (2000 film),2000
44,The Exorcist,2000
45,The Gift (2000 film),2000
46,The In Crowd (2000 film),2000
47,The Ladies Man (2000 film),2000
48,The Miracle Worker (2000 film),2000
49,The Mirror Crack'd,2000
50,The Ninth Gate,2000
51,The Original Kings of Comedy,2000
52,The Patriot (2000 film),2000
53,The Virgin Suicides,2000
54,Traffic (2000 film),2000
55,Whatever It Takes (2000 film),2000
56,Where the Heart Is (2000 film),2000
57,Bandits (2001 film),2001
58,Behind Enemy Lines (2001 film),2001
59,Born Romantic,2001
60,Double Take (2001 film),2001
61,Down to Earth (2001 film),2001
62,Driven (2001 film),2001
63,Evolution (2001 film),2001
64,Halloween (1978 film),2001
65,Harry Potter and the Philosopher's Stone,2001
66,Head over Heels (2001 film),2001
67,Heartbreakers (2001 film),2001
68,Heist (2001 film),2001
69,Howard Shore,2001
70,Iron Monkey (1993 film),2001
71,Jeepers Creepers (2001 film),2001
72,Joy Ride (2001 film),2001
73,Karumadikkuttan,2001
74,Kingdom Come (2001 film),2001
75,Love's a Bitch,2001
76,Megiddo: The Omega Code 2,2001
77,No Man's Land (2001 film),2001
78,On the Line (2001 film),2001
79,Original Sin (2001 film),2001
80,Out Cold (2001 film),2001
81,Planet of the Apes (2001 film),2001
82,Revolution OS,2001
83,Rock Star (2001 film),2001
84,Someone like You,2001
85,Sweet November (2001 film),2001
86,The Asphyx,2001
87,The Brothers (2001 film),2001
88,The Fast and the Furious (2001 film),2001
89,The Glass House (2001 film),2001
90,The Godfather Part III,2001
91,The One (2001 film),2001
92,The Others (2001 film),2001
93,The Score (2001 film),2001
94,The Wash (2001 film),2001
95,Thirteen Ghosts,2001
96,Tomcats (2001 film),2001
97,10,2002
98,20 Million Miles to Earth,2002
99,A Bridge Too Far,2002
100,A Bug's Life,2002
101,Adaptation,2002
102,Affliction (1997 film),2002
103,Air Force One,2002
104,Alice in Wonderland (1951 film),2002
105,Always Leave Them Laughing,2002
106,Arch of Triumph (1948 film),2002
107,Arthur (1981 film),2002
108,Bad Company (2002 film),2002
109,Big Trouble (2002 film),2002
110,Black Sunday (1977 film),2002
111,Bowling for Columbine,2002
112,Breakfast at Tiffany's,2002
113,Breaking the Waves,2002
114,Brown Sugar (2002 film),2002
115,Bye Bye Birdie,2002
116,Camelot,2002
117,Cape Fear (1962 film),2002
118,Carry On Doctor,2002
119,Carry On Regardless,2002
120,Casino,2002
121,Casino Royale (1967 film),2002
122,Caveman,2002
123,Charlie Kaufman,2002
124,Chicago (2002 film),2002
125,Cleopatra (1963 film),2002
126,Cliffhanger,2002
127,Close Encounters of the Third Kind,2002
128,Crossroads (2002 film),2002
129,David Hare (playwright),2002
130,Dennis the Menace,2002
131,Designing Woman,2002
132,Dillinger (1945 film),2002
133,Down to Earth (1947 film),2002
134,Dr. No,2002
135,Dr. Seuss' How the Grinch Stole Christmas (2000 film),2002
136,Dragonfly (2002 film),2002
137,El Cid,2002
138,Elliot Goldenthal,2002
139,Empire (2002 film),2002
140,Enamorada,2002
141,Family Business,2002
142,Farsighted for Two Diopters,2002
143,FeardotCom,2002
144,Fedora,2002
145,Femme Fatale (2002 film),2002
146,Fort Apache,2002
147,Frailty (2001 film),2002
148,Gay Purr-ee,2002
149,Ghost Ship (2002 film),2002
150,Gun Crazy,2002
151,Hamlet (1996 film),2002
152,Happy Go Lovely,2002
153,Harry and Tonto,2002
154,Help!,2002
155,Hey Arnold!: The Movie,2002
156,Home Alone 2: Lost in New York,2002
157,House of Dark Shadows,2002
158,Ice Age (2002 film),2002
159,Impostor (2002 film),2002
160,In the Heat of the Night,2002
161,Inside Moves,2002
162,Insomnia (2002 film),2002
163,Jackass: The Movie,2002
164,John Q.,2002
165,John Williams,2002
166,Kiss Me Deadly,2002
167,Kung Pow! Enter the Fist,2002
168,Lost in Yonkers,2002
169,Lucky to Be a Woman,2002
170,Martin Lawrence Live: Runteldat,2002
171,Mary Poppins,2002
172,Merlin (TV miniseries),2002
173,Michael Moore,2002
174,Miracle on 34th Street (1994 film),2002
175,Moonrunners,2002
176,Moonstruck,2002
177,Mr. Baseball,2002
178,Mrs Brown,2002
179,Nicholas Nickleby (2002 film),2002
180,Nowhere in Africa,2002
181,O Lucky Man!,2002
182,Oedipus Rex (1967 film),2002
183,Oh! What a Lovely War,2002
184,One-Eyed Jacks,2002
185,Out of Africa,2002
186,Pedro Almodóvar,2002
187,Personal Velocity: Three Portraits,2002
188,Pete Kelly's Blues,2002
189,Peter Pan (1953 film),2002
190,Philip Glass,2002
191,Pink Floyd – The Wall,2002
192,Pinocchio (2002 film),2002
193,Planet of the Apes (1968 film),2002
194,Please Don't Eat the Daisies,2002
195,Possessed (1947 film),2002
196,Private Benjamin (1980 film),2002
197,Quatermass and the Pit,2002
198,Red Dragon (2002 film),2002
199,Red Garters,2002
200,Red Sonja (1985 film),2002
201,Return to Never Land,2002
202,Robin Hood: Prince of Thieves,2002
203,Rollerball (2002 film),2002
204,Ronald Harwood,2002
205,Ronin,2002
206,Room at the Top (1959 film),2002
207,Rounders (1998 film),2002
208,Ryan's Daughter,2002
209,Safari 3000,2002
210,Saturday Night and Sunday Morning,2002
211,Simone (2002 film),2002
212,Sister Act,2002
213,Solaris (2002 film),2002
214,Some Like It Hot,2002
215,Spider-Man (2002 film),2002
216,Spy Kids 2: The Island of Lost Dreams,2002
217,Star Wars Episode II: Attack of the Clones,2002
218,Star Wars: Episode II – Attack of the Clones,2002
219,Stealing Heaven,2002
220,Superman (1978 film),2002
221,Sweeney! (1977 film),2002
222,THX 1138,2002
223,The 51st State,2002
224,The 7th Voyage of Sinbad,2002
225,The Apple Dumpling Gang,2002
226,The Asphalt Jungle,2002
227,"The Beast from 20,000 Fathoms",2002
228,The Big Freeze (1993 film),2002
229,The Big Sleep (1946 film),2002
230,The Bourne Identity (2002 film),2002
231,The Count of Monte Cristo (2002 film),2002
232,The Dawning,2002
233,The Day of the Jackal,2002
234,The Doors,2002
235,The Elephant Man,2002
236,The Four Feathers (2002 film),2002
237,The Graduate,2002
238,The Gunfighter,2002
239,The Lady and the Duke,2002
240,The Nutty Professor,2002
241,The Onion Field,2002
242,The Outlaw Josey Wales,2002
243,The Pianist (2002 film),2002
244,The Princess and the Pea (2002 film),2002
245,The Ring (2002 film),2002
246,The Rookie (2002 film),2002
247,The Ruling Class,2002
248,The Sons of Katie Elder,2002
249,The Sting,2002
250,The Stranger and the Gunfighter,2002
251,The Ten Commandments (1956 film),2002
252,The Time Machine (2002 film),2002
253,The Trollenberg Terror,2002
254,The Truth About Cats & Dogs,2002
255,The Ugly Dachshund,2002
256,The War of the Worlds (1953 film),2002
257,The Way We Were,2002
258,The Wild Geese,2002
259,They (2002 film),2002
260,Those Magnificent Men in their Flying Machines,2002
261,Three Men and a Little Lady,2002
262,Tommy (1975 film),2002
263,Trapped (2002 film),2002
264,True Grit (1969 film),2002
265,Tuck Everlasting (2002 film),2002
266,Turk 182,2002
267,Ultimate X: The Movie,2002
268,Unfaithful (2002 film),2002
269,We're No Angels (1955 film),2002
270,Who is Cletis Tout?,2002
271,Wild Geese II,2002
272,X the Unknown,2002
273,XXX (2002 film),2002
274,28 Days Later,2003
275,A Housekeeper,2003
276,And Now... Ladies and Gentlemen,2003
277,Batman: Mask of the Phantasm,2003
278,Big Trouble in Little China,2003
279,Cabin Fever (2002 film),2003
280,Casper,2003
281,Cheaper by the Dozen (2003 film),2003
282,City of God (2002 film),2003
283,Confidence (2003 film),2003
284,Darkness Falls (2003 film),2003
285,Divine Intervention,2003
286,Dreamcatcher (2003 film),2003
287,Drunken Master II,2003
288,Dummy (2002 film),2003
289,Dust (2001 film),2003
290,Dysfunktional Family,2003
291,Freaky Friday (2003 film),2003
292,Gabriel Yared,2003
293,Gasoline,2003
294,Grind (2003 film),2003
295,Honey (2003 film),2003
296,Howard Shore,2003
297,Im toten Winkel,2003
298,In This World,2003
299,It Runs in the Family (2003 film),2003
300,Kill Bill: Volume 1,2003
301,Km. 0,2003
302,L'Auberge Espagnole,2003
303,Le Divorce,2003
304,Little Dorrit (1987 film),2003
305,Looks and Smiles,2003
306,Lost in La Mancha,2003
307,Love the Hard Way,2003
308,Marooned in Iraq,2003
309,Morons from Outer Space,2003
310,National Security (2003 film),2003
311,Omen III: The Final Conflict,2003
312,On Line,2003
313,Open Range (2003 film),2003
314,Out of Time (2003 film),2003
315,Passionada,2003
316,Peter Pan (2003 film),2003
317,Playing by Heart,2003
318,Pokémon Heroes,2003
319,Radio (2003 film),2003
320,Resurrected,2003
321,"Rita, Sue and Bob Too",2003
322,Seaside,2003
323,Simhadri (2003 film),2003
324,Sister Act,2003
325,Skippy the Bush Kangaroo,2003
326,Step into Liquid,2003
327,Stoked: The Rise and Fall of Gator,2003
328,Super Sucker,2003
329,Sweet Sixteen (2002 film),2003
330,The Cuckoo,2003
331,The Day of the Jackal,2003
332,The Eye (2002 film),2003
333,The Gods Must Be Crazy,2003
334,The Guru (2002 film),2003
335,The Hard Word,2003
336,The Hunted (2003 film),2003
337,The In-Laws (2003 film),2003
338,The Italian Job (2003 film),2003
339,The Krays,2003
340,The Legend of Suriyothai,2003
341,The Man on the Train,2003
342,The Missing (2003 film),2003
343,The Order (2003 film),2003
344,The Princess Blade,2003
345,The Real Cancun,2003
346,The Secret Lives of Dentists,2003
347,The Texas Chainsaw Massacre (2003 film),2003
348,Thirteen (2003 film),2003
349,Timeline (2003 film),2003
350,Tupac: Resurrection,2003
351,Underworld (2003 film),2003
352,Washington Heights,2003
353,Willard (2003 film),2003
354,X2,2003
355,A Slipping-Down Life,2004
356,Alexander (2004 film),2004
357,Alfie (2004 film),2004
358,Alien vs. Predator,2004
359,Around the Bend,2004
360,Around the World in 80 Days (2004 film),2004
361,Asambhav,2004
362,Bride and Prejudice,2004
363,Cannes Film Festival,2004
364,Captain Kronos – Vampire Hunter,2004
365,Closer (2004 film),2004
366,Criminal (2004 film),2004
367,Dawn of the Dead (2004 film),2004
368,Documentary film,2004
369,DodgeBall: A True Underdog Story,2004
370,Don't Go in the Woods (1981 film),2004
371,Envy (2004 film),2004
372,Fahrenheit 9/11,2004
373,First Daughter (2004 film),2004
374,Flight of the Phoenix (2004 film),2004
375,Funky Monkey,2004
376,Garfield: The Movie,2004
377,Godsend (2004 film),2004
378,Hellboy (2004 film),2004
379,Home on the Range (2004 film),2004
380,Ice Cold in Alex,2004
381,In Good Company (2004 film),2004
382,Jersey Girl (2004 film),2004
383,Kill Bill: Volume 2,2004
384,King Arthur (2004 film),2004
385,Lent,2004
386,Man on Fire (2004 film),2004
387,Miracle (2004 film),2004
388,Mr. 3000,2004
389,My Baby's Daddy,2004
390,Off the Lip,2004
391,Paparazzi (2004 film),2004
392,Pinocchio 3000,2004
393,Saw (2004 film),2004
394,Shall We Dance? (2004 film),2004
395,Stateside,2004
396,Super Size Me,2004
397,Taste the Blood of Dracula,2004
398,Taxi (2004 film),2004
399,Teacher's Pet (2004 film),2004
400,The Alamo (2004 film),2004
401,The Aviator (2004 film),2004
402,The Big Bounce (2004 film),2004
403,The Blair Witch Project,2004
404,The Forgotten (2004 film),2004
405,The Girl Next Door (2004 film),2004
406,The Ladykillers (2004 film),2004
407,The Last Shot,2004
408,The Manchurian Candidate (2004 film),2004
409,The Phantom of the Opera (2004 film),2004
410,The Punisher (2004 film),2004
411,The Real Cancun,2004
412,The Stepford Wives (2004 film),2004
413,The Village (2004 film),2004
414,Thunderbirds (2004 film),2004
415,Twisted (2004 film),2004
416,Two Brothers (2004 film),2004
417,Vanity Fair (2004 film),2004
418,Walking Tall (2004 film),2004
419,We're Back! A Dinosaur's Story,2004
420,Yentl,2004
421,Yu-Gi-Oh! The Movie: Pyramid of Light,2004
422,A Lot like Love,2005
423,Alone in the Dark (2005 film),2005
424,Around the World Under the Sea,2005
425,Assault on Precinct 13 (2005 film),2005
426,Bee Season,2005
427,Bewitched (2005 film),2005
428,Casanova (2005 film),2005
429,Chicken Little (2005 film),2005
430,Crash (2004 film),2005
431,Cry Wolf (2005 film),2005
432,Cursed (2005 film),2005
433,Dark Water (2005 film),2005
434,Derailed (2005 film),2005
435,Domino (2005 film),2005
436,Dreamer (2005 film),2005
437,Elektra (2005 film),2005
438,Fantastic Four (2005 film),2005
439,Fever Pitch (2005 film),2005
440,Fuck,2005
441,Fun with Dick and Jane (2005 film),2005
442,"Good Night, and Good Luck",2005
443,Gustavo Santaolalla,2005
444,Herbie: Fully Loaded,2005
445,Hide and Seek (2005 film),2005
446,Hostage (2005 film),2005
447,House of Wax (2005 film),2005
448,Into the Blue (2005 film),2005
449,John Williams,2005
450,Kicking & Screaming (2005 film),2005
451,Kids in America,2005
452,King Kong (2005 film),2005
453,King's Ransom,2005
454,Mad Hot Ballroom,2005
455,Madagascar (2005 film),2005
456,Man of the House (2005 film),2005
457,March of the Penguins,2005
458,Miss Congeniality 2: Armed and Fabulous,2005
459,Mr. & Mrs. Smith (2005 film),2005
460,Noored kotkad,2005
461,Oliver Twist (2005 film),2005
462,One of Our Dinosaurs Is Missing,2005
463,Pride & Prejudice (2005 film),2005
464,Rebound (2005 film),2005
465,Red Eye (2005 American film),2005
466,Robots (2005 film),2005
467,Rumor Has It,2005
468,Sahara (2005 film),2005
469,Serenity (2005 film),2005
470,"Shrek 2"">Shrek 2</a></i><span class=""nowrap"" style=""padding-left:0.1em;",2005
471,Sky High (2005 film),2005
472,Star Wars: Episode III – Revenge of the Sith,2005
473,State Property 2,2005
474,Stay (2005 film),2005
475,The 40-Year-Old Virgin,2005
476,The Adventures of Sharkboy and Lavagirl in 3-D,2005
477,The Amityville Horror (2005 film),2005
478,The Fog (2005 film),2005
479,The Gospel,2005
480,The Honeymooners,2005
481,The Island (2005 film),2005
482,The Longest Yard (2005 film),2005
483,The Man (2005 film),2005
484,The Meteor Man,2005
485,The New World (2005 film),2005
486,The Piano,2005
487,The Producers (2005 film),2005
488,The Ringer (2005 film),2005
489,The Wash (2001 film),2005
490,The Wicker Man (1973 film),2005
491,Thunderball,2005
492,Two for the Money (2005 film),2005
493,Underclassman,2005
494,Undiscovered,2005
495,Unleashed (2005 film),2005
496,Up the Chastity Belt,2005
497,Venom (2005 film),2005
498,Wallace & Gromit: The Curse of the Were-Rabbit,2005
499,War of the Worlds (2005 film),2005
500,Wyatt Earp,2005
501,XXX: State of the Union,2005
502,Yakeen (2005 film),2005
503,"Yours, Mine & Ours (2005 film)",2005
504,Zathura,2005
505,Alien Autopsy,2006
506,All the King's Men (2006 film),2006
507,Annapolis (2006 film),2006
508,Apollo 13,2006
509,Black Christmas (2006 film),2006
510,Bobby (2006 film),2006
511,Borat,2006
512,Casino Royale (2006 film),2006
513,Catch a Fire,2006
514,Charlotte's Web (2006 film),2006
515,Click (2006 film),2006
516,Crossover (2006 film),2006
517,Curse of the Golden Flower,2006
518,Dave Chappelle's Block Party,2006
519,Deck the Halls (2006 film),2006
520,Dirty Sanchez (TV series),2006
521,Déjà Vu (2006 film),2006
522,Employee of the Month (2006 film),2006
523,Fearless (2006 film),2006
524,Flags of Our Fathers,2006
525,Goal!,2006
526,Grandma's Boy (2006 film),2006
527,Griffin & Phoenix (2006 film),2006
528,Hostel (2005 film),2006
529,House of Wax (2005 film),2006
530,Invincible (2006 film),2006
531,Jackass Number Two,2006
532,Jetsons: The Movie,2006
533,Just My Luck (2006 film),2006
534,Kenny (2006 film),2006
535,Killer's Moon,2006
536,Labyrinth (1986 film),2006
537,Last Holiday (2006 film),2006
538,Little Man (2006 film),2006
539,Live and Let Die,2006
540,Man of the Year (2006 film),2006
541,Marie Antoinette (2006 film),2006
542,Moonraker,2006
543,Mr. & Mrs. Smith (1941 film),2006
544,Open Season (2006 film),2006
545,Phat Girlz,2006
546,Philip Glass,2006
547,Pulse (2006 film),2006
548,Running Scared (2006 film),2006
549,Salvage (2006 film),2006
550,Sands of the Desert,2006
551,School for Scoundrels (2006 film),2006
552,Scoop (2006 film),2006
553,See No Evil (2006 film),2006
554,Slither (2006 film),2006
555,Stranger than Fiction (2006 film),2006
556,Supergirl (1984 film),2006
557,The Amityville Horror (1979 film),2006
558,The Andromeda Strain,2006
559,The Class of Miss MacMichael,2006
560,The Collingswood Story,2006
561,The Guardian (2006 film),2006
562,The Hills Have Eyes (2006 film),2006
563,The House on Skull Mountain,2006
564,The Illusionist (2006 film),2006
565,The Last Kiss (2006 film),2006
566,The Magic Roundabout,2006
567,The Nugget,2006
568,The Omen (2006 film),2006
569,The Pink Panther (2006 film),2006
570,The Proposal (2009 film),2006
571,The Queen (2006 film),2006
572,The Return (2006 film),2006
573,The Secret (2006 film),2006
574,The Sentinel (2006 film),2006
575,The Set-Up (1949 film),2006
576,The Shaggy Dog (2006 film),2006
577,The Wicker Man (2006 film),2006
578,Tom-Yum-Goong,2006
579,Topaz (1969 film),2006
580,Tristan & Isolde,2006
581,Ultraman Mebius & Ultraman Brothers,2006
582,Unidentified,2006
583,Van Wilder: The Rise of Taj,2006
584,When a Stranger Calls (2006 film),2006
585,Zoom (2006 film),2006
586,1 More Hit,2007
587,3:10 to Yuma (2007 film),2007
588,Amazing Grace (2006 film),2007
589,Aqua Teen Hunger Force Colon Movie Film for Theaters,2007
590,Arctic Tale,2007
591,Beowulf (2007 film),2007
592,Black Girl (1966 film),2007
593,Black Sheep (2006 New Zealand film),2007
594,Blood & Chocolate,2007
595,Borderland (2007 film),2007
596,Bratz (2007 film),2007
597,Bridge to Terabithia (2007 film),2007
598,Bug (2006 film),2007
599,Christopher Gunning,2007
600,Civic Duty,2007
601,Clubland (2007 film),2007
602,Code Name: The Cleaner,2007
603,D-War,2007
604,Dario Marianelli,2007
605,Day Watch,2007
606,Death Sentence (2007 film),2007
607,Deathtrap,2007
608,Even Money,2007
609,Feel the Noise,2007
610,Firehouse Dog,2007
611,Fracture (2007 film),2007
612,Friday the 13th Part III,2007
613,Grace Is Gone,2007
614,Gus Van Sant,2007
615,Hairspray (2007 film),2007
616,Halloween (2007 film),2007
617,Hitman (2007 film),2007
618,Home of the Brave (2006 film),2007
619,Interview (2007 film),2007
620,Jindabyne,2007
621,Jonny Greenwood,2007
622,Joshua (2007 film),2007
623,Julius Caesar (1970 film),2007
624,La Vie en rose,2007
625,Lonely Hearts (2006 film),2007
626,Magicians (2007 film),2007
627,Martian Child,2007
628,Nancy Drew (2007 film),2007
629,Next (2007 film),2007
630,Noëlle (2007 film),2007
631,Pathfinder (2007 film),2007
632,Pierrepoint,2007
633,Premonition (2007 film),2007
634,Pride (2007 film),2007
635,Producers Guild of America,2007
636,Redline (2007 film),2007
637,Revolver (2005 film),2007
638,Sarah Landon and the Paranormal Hour,2007
639,September Dawn,2007
640,Shooter (2007 film),2007
641,ShowBusiness: The Road to Broadway,2007
642,Sicko,2007
643,Skinwalkers (2006 film),2007
644,Sleuth (2007 film),2007
645,Slow Burn (2005 film),2007
646,St Trinian's,2007
647,Stardust (2007 film),2007
648,Sunshine (2007 film),2007
649,Sweeney Todd: The Demon Barber of Fleet Street (2007 film),2007
650,Sweet Movie,2007
651,Talk to Me (2007 film),2007
652,The Abandoned (2006 film),2007
653,The Boy from Oklahoma,2007
654,The Brave One (2007 film),2007
655,The Counterfeiters (2007 film),2007
656,The Criminal,2007
657,The Ex (2006 film),2007
658,The Final Season,2007
659,The Heartbreak Kid (2007 film),2007
660,The Hills Have Eyes 2,2007
661,The Hitcher (2007 film),2007
662,The Hoax,2007
663,The Hunting Party (2007 film),2007
664,The Lookout (2007 film),2007
665,The Painted Veil (2006 film),2007
666,The Perfect Holiday,2007
667,The Seeker,2007
668,The TV Set,2007
669,The Ten Commandments (2007 film),2007
670,The Water Horse: Legend of the Deep,2007
671,The Wendell Baker Story,2007
672,Three (2006 film),2007
673,Tony n' Tina's Wedding,2007
674,Under Suspicion (1991 film),2007
675,Underdog (2007 film),2007
676,War (2007 film),2007
677,Year of the Dog,2007
678,"Yes, Giorgio",2007
679,Zulu (1964 film),2007
680,2008 Cannes Film Festival,2008
681,21 (2008 film),2008
682,A for Andromeda,2008
683,Anamorph,2008
684,Asterix at the Olympic Games,2008
685,Australia (2008 film),2008
686,Bangkok Dangerous (2008 film),2008
687,Beer for My Horses,2008
688,Black Orpheus,2008
689,Blindness (2008 film),2008
690,Bolt (2008 film),2008
691,Bonneville,2008
692,Carry On Columbus,2008
693,Che (2008 film),2008
694,City of Men,2008
695,College (2008 film),2008
696,Creature from the Black Lagoon,2008
697,Deal (2008 film),2008
698,Deception (2008 film),2008
699,Defiance (2008 film),2008
700,Delgo,2008
701,Departures (2008 film),2008
702,Doomsday (2008 film),2008
703,Doubt (2008 film),2008
704,Expelled: No Intelligence Allowed,2008
705,Flashdance,2008
706,Flick (2008 film),2008
707,Fly Me to the Moon,2008
708,Fool's Gold (2008 film),2008
709,Forbidden Planet,2008
710,Funny Games (2007 film),2008
711,Ghost Town (2008 film),2008
712,Gone with the Wind,2008
713,Hannah Montana and Miley Cyrus: Best of Both Worlds Concert,2008
714,How She Move,2008
715,How to Rob a Bank,2008
716,I've Loved You So Long,2008
717,In the Name of the King,2008
718,Iron Man (2008 film),2008
719,It's a Wonderful Life,2008
720,Jacob the Liar (1975 film),2008
721,Journey to the Center of the Earth (2008 theatrical film),2008
722,Jumper (2008 film),2008
723,Last Year at Marienbad,2008
724,Lucía,2008
725,Macbeth (1971 film),2008
726,Married Life (2007 film),2008
727,Minutemen,2008
728,Mr. Smith Goes to Washington,2008
729,My Best Friend's Girl (2008 film),2008
730,Nick & Norah's Infinite Playlist,2008
731,Nobel Son,2008
732,Nothing like the Holidays,2008
733,On Her Majesty's Secret Service,2008
734,One Missed Call (2008 film),2008
735,Passengers (2008 film),2008
736,Paws,2008
737,Penelope (2006 film),2008
738,Prom Night (2008 film),2008
739,Proud American,2008
740,Quadrophenia,2008
741,Quarantine (2008 film),2008
742,Quid Pro Quo,2008
743,Rambo (2008 film),2008
744,Religulous,2008
745,Rogue (2007 film),2008
746,Run Fatboy Run,2008
747,Shine a Light,2008
748,"Shrek 2"">Shrek 2</a></i>, which reached it in 43 days.<sup id=""cite_ref-tdk_3-1"" class=""reference""><a href=""#cite_note-tdk-3",2008
749,Shutter (2008 film),2008
750,Smart People,2008
751,Superior Ultraman 8 Brothers,2008
752,Swing Vote (2008 film),2008
753,The Belles of St Trinian's,2008
754,The Boy in the Striped Pyjamas,2008
755,The Day the Earth Stood Still (2008 film),2008
756,The Deer Hunter,2008
757,The Eye (2008 film),2008
758,The Fall (2006 film),2008
759,The Happening (2008 film),2008
760,The Muppet Movie,2008
761,The Other Boleyn Girl (2008 film),2008
762,The Other End of the Line,2008
763,The Reader (2008 film),2008
764,The Rocketeer,2008
765,The Stone Angel,2008
766,The Strangers (2008 film),2008
767,The Visitor (2007 drama film),2008
768,The Wizard of Oz (1939 film),2008
769,The Women (2008 film),2008
770,The Wrestler (2008 film),2008
771,The X-Files: I Want to Believe,2008
772,Tony Takitani,2008
773,Twilight (2008 film),2008
774,U2 3D,2008
775,WALL-E,2008
776,Wanted (2008 film),2008
777,Welcome Home Roscoe Jenkins,2008
778,What We Do Is Secret,2008
779,Where in the World Is Osama bin Laden?,2008
780,Wild West Comedy Show: 30 Days and 30 Nights – Hollywood to the Heartland,2008
781,Young Americans (1967 film),2008
782,Young@Heart,2008
783,$9.99,2009
784,(Untitled) (2009 film),2009
785,10 Rillington Place,2009
786,12 (2007 film),2009
787,9 (2009 animated film),2009
788,A Christmas Carol (2009 film),2009
789,A Town Called Panic,2009
790,Adam (2009 film),2009
791,Adoration (2008 film),2009
792,Adventures of Power,2009
793,After Last Season,2009
794,Alien Trespass,2009
795,American Casino,2009
796,American Pie Presents: The Book of Love,2009
797,American Violet,2009
798,Amreeka,2009
799,An American Affair,2009
800,Another Cinderella Story,2009
801,Anvil! The Story of Anvil,2009
802,Art & Copy,2009
803,Assassin's Creed: Lineage,2009
804,Avatar (2009 film),2009
805,Barbie Presents: Thumbelina,2009
806,Barney & Friends,2009
807,Bart Got a Room,2009
808,Beyond a Reasonable Doubt (2009 film),2009
809,Big Fan,2009
810,Billu,2009
811,Blind Date (2007 film),2009
812,Blood: The Last Vampire (2009 film),2009
813,Bob the Builder,2009
814,Born on the Fourth of July,2009
815,Brief Interviews with Hideous Men,2009
816,Brothers (2009 film),2009
817,Brothers at War,2009
818,Bull Durham,2009
819,C Me Dance,2009
820,Capitalism: A Love Story,2009
821,Care Bears: Oopsy Does It!,2009
822,Cargo 200,2009
823,Chandni Chowk to China,2009
824,Cherry Blossoms,2009
825,Cold Souls,2009
826,Crude (2009 film),2009
827,Dare,2009
828,Defamation,2009
829,Delhi-6,2009
830,Departures (2008 film),2009
831,Disgrace,2009
832,Dragonball Evolution,2009
833,Earth (2007 film),2009
834,Earth Days,2009
835,Easy Virtue (2008 film),2009
836,Every Little Step,2009
837,Everybody's Fine (2009 film),2009
838,Examined Life,2009
839,Fall Down Dead,2009
840,Fame (2009 film),2009
841,Fantasia 2000,2009
842,Fast & Furious (2009 film),2009
843,Fighting (2009 film),2009
844,Fired Up,2009
845,"Food, Inc.",2009
846,Free Style,2009
847,Friday the 13th (2009 film),2009
848,From Mexico with Love,2009
849,Fuel,2009
850,Gamer (2009 film),2009
851,Gigantic,2009
852,Gooby,2009
853,Good Hair,2009
854,Grace (2009 film),2009
855,Halloween II (2009 film),2009
856,Halloweenight,2009
857,Hero of the Rails,2009
858,Homecoming (2009 film),2009
859,Humpday,2009
860,I Hate Valentine's Day,2009
861,I Sell the Dead,2009
862,In a Dream,2009
863,Is Anybody There?,2009
864,It Might Get Loud,2009
865,Jackboots on Whitehall,2009
866,Janky Promoters,2009
867,Jerichow,2009
868,Jonas Brothers: The 3D Concert Experience,2009
869,Julia (2008 film),2009
870,Lemon Tree,2009
871,Lesbian Vampire Killers,2009
872,Let Them Chirp Awhile,2009
873,Lifeforce,2009
874,Los Bandoleros,2009
875,Love N' Dancing,2009
876,Love the Beast,2009
877,Luck by Chance,2009
878,Lymelife,2009
879,Made for Each Other (2009 film),2009
880,Make the Yuletide Gay,2009
881,Martha Speaks (TV series),2009
882,Michael Jackson's This Is It,2009
883,More than a Game,2009
884,Motherhood (2009 film),2009
885,My Bloody Valentine 3D,2009
886,My Little Pony: A Very Pony Place,2009
887,My Little Pony: Twinkle Wish Adventure,2009
888,"My Son, My Son, What Have Ye Done?",2009
889,Máncora,2009
890,Nativity!,2009
891,Night of the Demons (2009 film),2009
892,Nine (2009 live-action film),2009
893,No Impact Man,2009
894,Not Easily Broken,2009
895,Not Forgotten,2009
896,Notorious (2009 film),2009
897,O' Horten,2009
898,Obsessed (2009 film),2009
899,Olivia (TV series),2009
900,Orphan (2009 film),2009
901,Outrage (2009 film),2009
902,Paris (2008 film),2009
903,Paris 36,2009
904,Peter and Vandy,2009
905,Phoebe in Wonderland,2009
906,Play the Game (2009 film),2009
907,Possession (2009 film),2009
908,Pressure Cooker,2009
909,Public Enemies (2009 film),2009
910,Push (2009 film),2009
911,Rudo y Cursi,2009
912,Sesame Street,2009
913,Severed Ways,2009
914,Sex Positive,2009
915,Sherlock Holmes (2009 film),2009
916,Sherman's Way,2009
917,Shorts (2009 film),2009
918,Shrink,2009
919,Sin Nombre (2009 film),2009
920,Skin (2008 film),2009
921,Sleep Dealer,2009
922,Soul Power,2009
923,Spinning into Butter,2009
924,St Trinian's,2009
925,Sugar (2008 film),2009
926,Summer Hours,2009
927,Super Capers,2009
928,Surveillance (2008 film),2009
929,Tenderness (2009 film),2009
930,Tennessee,2009
931,That Evening Sun,2009
932,The Adventures of the Elektronic,2009
933,The Age of Stupid,2009
934,The Answer Man,2009
935,The Boat That Rocked,2009
936,The Box (2009 film),2009
937,The Cake Eaters,2009
938,The Class (2008 film),2009
939,The Collector (2009 film),2009
940,The Cove,2009
941,The Cross (2009 film),2009
942,The Cruel Sea (1953 film),2009
943,The Dream Catcher,2009
944,The Escapist (2008 film),2009
945,The Flying Scissors,2009
946,The Garden (2008 film),2009
947,The Girl from Monaco,2009
948,The Girl with the Dragon Tattoo (2009 film),2009
949,The Great Discovery,2009
950,The Headless Woman (2008 film),2009
951,The Informers (2008 film),2009
952,The International (2009 film),2009
953,The Last House on the Left (2009 film),2009
954,The Maid (2009 film),2009
955,The Marc Pease Experience,2009
956,The Marine 2,2009
957,The Merry Gentleman,2009
958,The Messenger (2009 film),2009
959,The Ministers,2009
960,The Mysteries of Pittsburgh,2009
961,The Objective,2009
962,The Open Road,2009
963,The Other Man (2008 film),2009
964,The Other Woman (2009 film),2009
965,The Proposal (2009 film),2009
966,The Road (2009 film),2009
967,The Russia House,2009
968,The Secrets of Jonathan Sperry,2009
969,The September Issue,2009
970,The Skeptic,2009
971,The Song of Sparrows,2009
972,The Stepfather (2009 film),2009
973,The Taking of Pelham 123 (2009 film),2009
974,The Unborn (2009 film),2009
975,The Uninvited (2009 film),2009
976,The Wizard of Oz (1939 film),2009
977,The Yes Men Fix the World,2009
978,Thirst (2009 film),2009
979,Tormented (2009 British film),2009
980,Transylmania,2009
981,Treeless Mountain,2009
982,Triangle (2009 British film),2009
983,Trucker,2009
984,Two Lovers (2008 film),2009
985,Tyson (2008 film),2009
986,Uncertainty,2009
987,Unmistaken Child,2009
988,Until the Light Takes Us,2009
989,Up (2009 film),2009
990,Up in the Air (2009 film),2009
991,Valentino: The Last Emperor,2009
992,Virginia Creepers,2009
993,Walt & El Grupo,2009
994,We Live in Public,2009
995,We're Back! A Dinosaur's Story,2009
996,What Goes Up,2009
997,What's Your Raashee?,2009
998,White on Rice,2009
999,Whiteout (2009 film),2009
1000,WordWorld,2009
1001,X Games 3D: The Movie,2009
1002,12th & Delaware,2010
1003,4.3.2.1,2010
1004,45365,2010
1005,8: The Mormon Proposition,2010
1006,A Film Unfinished,2010
1007,A Nightmare on Elm Street (2010 film),2010
1008,Ajami,2010
1009,Alexandre Desplat,2010
1010,Alice in Wonderland (2010 film),2010
1011,Atticus Ross,2010
1012,Avatar (2009 film),2010
1013,Babies,2010
1014,Barbie in A Mermaid Tale,2010
1015,Barbie: A Fashion Fairytale,2010
1016,Behind the Burly Q,2010
1017,Boogie Woogie,2010
1018,Break Ke Baad,2010
1019,Breath Made Visible,2010
1020,Brotherhood (2009 film),2010
1021,Burlesque (2010 American film),2010
1022,Care Bears,2010
1023,Care Bears: Share Bear Shines,2010
1024,Carlos (miniseries),2010
1025,Casino Jack and the United States of Money,2010
1026,Catfish,2010
1027,Celine: Through the Eyes of the World,2010
1028,Children of Invention,2010
1029,Cinderella (1950 film),2010
1030,Clash of the Titans (2010 film),2010
1031,Conviction (2010 film),2010
1032,Cop Out (2010 film),2010
1033,Countdown to Zero,2010
1034,Crayon,2010
1035,Crazy on the Outside,2010
1036,Creation (2009 film),2010
1037,Curious George: A Very Monkey Christmas,2010
1038,Curse of the Crimson Altar,2010
1039,Cyrus (2010 comedy-drama film),2010
1040,Daddy Longlegs (2009 film),2010
1041,Dear John (2010 film),2010
1042,Death at a Funeral (2010 film),2010
1043,Devil (2010 film),2010
1044,Dinosaur Train,2010
1045,Don McKay,2010
1046,Dragon Tales,2010
1047,Easier with Practice,2010
1048,Edge of Darkness (2010 film),2010
1049,Exit Through the Gift Shop,2010
1050,Eyes Wide Open (2009 film),2010
1051,Factory Girl (2006 film),2010
1052,Fair Game (2010 film),2010
1053,Farewell (2009 film),2010
1054,Faster (2010 film),2010
1055,Father of My Children,2010
1056,Finding Bliss,2010
1057,Flipped (2010 film),2010
1058,Formosa Betrayed,2010
1059,Fred: The Movie,2010
1060,Frozen (2010 American film),2010
1061,Garbage Dreams,2010
1062,Going the Distance (2010 film),2010
1063,Gone with the Pope,2010
1064,Great Directors,2010
1065,Gulliver's Travels (2010 film),2010
1066,Guy and Madeline on a Park Bench,2010
1067,Happy Tears,2010
1068,Harry Potter and the Deathly Hallows – Part 1,2010
1069,Here and There,2010
1070,Holy Rollers,2010
1071,Home Alone 2: Lost in New York,2010
1072,House of Evil,2010
1073,House of Numbers: Anatomy of an Epidemic,2010
1074,Hubble,2010
1075,"Hugh Hefner: Playboy, Activist and Rebel",2010
1076,I Am Love,2010
1077,I Spit on Your Grave (2010 film),2010
1078,"I Was Born, But...",2010
1079,Inside Job (2010 film),2010
1080,It's a Wonderful Afterlife,2010
1081,Jack Goes Boating,2010
1082,Jackass 3D,2010
1083,Joan Rivers: A Piece of Work,2010
1084,John Rabe,2010
1085,Killers (2010 film),2010
1086,Kimjongilia,2010
1087,Kisses,2010
1088,Kites: The Remix,2010
1089,La Mission,2010
1090,La Soga,2010
1091,Last Day of Summer,2010
1092,Le Amiche,2010
1093,Leap Year (2010 film),2010
1094,Lebanon (2009 film),2010
1095,Legion (2010 film),2010
1096,Letters to God,2010
1097,Like Dandelion Dust,2010
1098,Living in Emergency,2010
1099,Looking for Eric,2010
1100,Lottery Ticket (2010 film),2010
1101,Machete (2010 film),2010
1102,Make-out with Violence,2010
1103,Mao's Last Dancer,2010
1104,Mesrine (2008 film),2010
1105,Metropia,2010
1106,Micmacs,2010
1107,Monsters (2010 film),2010
1108,Morning Glory (2010 film),2010
1109,Mother and Child (2009 film),2010
1110,Mugabe and the White African,2010
1111,Multiple Sarcasms,2010
1112,Nanny McPhee and the Big Bang,2010
1113,Neshoba,2010
1114,Never Let Me Go (2010 film),2010
1115,Night Catches Us,2010
1116,Norwegian Wood,2010
1117,OSS 117: Lost in Rio,2010
1118,Oceans,2010
1119,Only When I Dance,2010
1120,Os Normais,2010
1121,Paper Man (2009 film),2010
1122,"Patrik, Age 1.5",2010
1123,Peepli Live,2010
1124,Perrier's Bounty,2010
1125,Preacher's Kid,2010
1126,Princess Kaiulani,2010
1127,Pyaar Impossible!,2010
1128,REC 2,2010
1129,Raajneeti,2010
1130,Raavan,2010
1131,Racing Dreams,2010
1132,Red (2010 film),2010
1133,Remember Me (2010 film),2010
1134,Restrepo,2010
1135,Robin Hood (2010 film),2010
1136,Rosencrantz and Guildenstern Are Undead,2010
1137,Saint John of Las Vegas,2010
1138,Salt (2010 film),2010
1139,Salt of this Sea,2010
1140,Saw 3D,2010
1141,Shinjuku Incident,2010
1142,Skyline (2010 film),2010
1143,Sleeping with Charlie Kaufman,2010
1144,Smash His Camera,2010
1145,Soundtrack for a Revolution,2010
1146,South of the Border (2009 film),2010
1147,Spoken Word,2010
1148,Spookley the Square Pumpkin,2010
1149,Spring Fever (2009 film),2010
1150,Standing Ovation,2010
1151,Stolen (2009 drama film),2010
1152,Stone (2010 film),2010
1153,Stonewall Uprising,2010
1154,Stranger Things,2010
1155,Strawberry Shortcake,2010
1156,Super Why!,2010
1157,Sweetgrass,2010
1158,Tarka the Otter,2010
1159,Terribly Happy,2010
1160,The 7 Adventures of Sinbad,2010
1161,The American (2010 film),2010
1162,The Army of Crime,2010
1163,The Art of the Steal (2009 film),2010
1164,The Black Waters of Echo's Pond,2010
1165,The Bounty Hunter (2010 film),2010
1166,The City of Your Final Destination,2010
1167,The Crazies (2010 film),2010
1168,The Dry Land,2010
1169,The Expendables (2010 film),2010
1170,The Extra Man,2010
1171,The Girl Who Kicked the Hornets' Nest,2010
1172,The Girl on the Train (2009 film),2010
1173,The Girl with the Dragon Tattoo (2009 film),2010
1174,The Good Heart,2010
1175,The Greatest (2009 film),2010
1176,The Illusionist (2010 film),2010
1177,The Infidel (2010 film),2010
1178,The Karate Kid (2010 film),2010
1179,The Killer Inside Me (2010 film),2010
1180,The Killing Jar,2010
1181,The Lightkeepers,2010
1182,The Lottery (2010 film),2010
1183,The Milk of Sorrow,2010
1184,The Oath (2010 film),2010
1185,The People I've Slept With,2010
1186,The Red Baron (2008 film),2010
1187,The Sorcerer's Apprentice (2010 film),2010
1188,The Switch (2010 film),2010
1189,The Tempest (2010 film),2010
1190,The Thomas Crown Affair (1999 film),2010
1191,The Tillman Story,2010
1192,The Tourist (2010 film),2010
1193,The Town (2010 film),2010
1194,The Trotsky,2010
1195,The Virginity Hit,2010
1196,The Wildest Dream,2010
1197,The Wizard of Oz (1939 film),2010
1198,The Wolfman (2010 film),2010
1199,The Yellow Handkerchief (2008 film),2010
1200,Tooth Fairy (2010 film),2010
1201,Touching Home,2010
1202,Tron: Legacy,2010
1203,True Grit (2010 film),2010
1204,Twelve (2010 film),2010
1205,Unstoppable (2010 film),2010
1206,Valentine's Day (2010 film),2010
1207,Videocracy,2010
1208,Waiting for Armageddon,2010
1209,Waking Sleeping Beauty,2010
1210,What If... (2010 film),2010
1211,What's the Matter with Kansas?,2010
1212,When You're Strange,2010
1213,When in Rome (2010 film),2010
1214,Wild Grass,2010
1215,Winnebago Man,2010
1216,Wonderful World (2009 film),2010
1217,3D Sex and Zen: Extreme Ecstasy,2011
1218,50/50 (2011 film),2011
1219,Abduction (2011 film),2011
1220,African Cats,2011
1221,Anonymous (2011 film),2011
1222,Arthur (2011 film),2011
1223,Battle: Los Angeles,2011
1224,"Beats, Rhymes & Life: The Travels of A Tribe Called Quest",2011
1225,Bellflower,2011
1226,Beneath the Darkness,2011
1227,Bol,2011
1228,Bridesmaids (2011 film),2011
1229,Buck,2011
1230,Bullseye! (1990 film),2011
1231,Carancho,2011
1232,Carbon Nation,2011
1233,Carnage (2011 film),2011
1234,Carry On Behind,2011
1235,Cold Weather,2011
1236,Collaborator,2011
1237,Comic-Con Episode IV: A Fan's Hope,2011
1238,Conan the Barbarian (2011 film),2011
1239,Contagion (2011 film),2011
1240,"Crazy, Stupid, Love",2011
1241,Damsels in Distress,2011
1242,Departures (2011 film),2011
1243,Diana Vreeland: The Eye Has to Travel,2011
1244,Dimensions (2011 film),2011
1245,Dragonslayer (1981 film),2011
1246,Dream House (2011 film),2011
1247,Drive (2011 film),2011
1248,Extremely Loud and Incredibly Close,2011
1249,Fightville,2011
1250,First Position,2011
1251,Flypaper (2011 film),2011
1252,Footloose (2011 film),2011
1253,Footnote,2011
1254,Fright Night (2011 film),2011
1255,Fullmetal Alchemist: The Sacred Star of Milos,2011
1256,George Harrison: Living in the Material World,2011
1257,Glee: The 3D Concert Movie,2011
1258,Harry Potter and the Deathly Hallows – Part 2,2011
1259,Haywire (2011 film),2011
1260,Headhunters,2011
1261,Heleno,2011
1262,"If I Want to Whistle, I Whistle",2011
1263,Immortals (2011 film),2011
1264,Jack and Jill (2011 film),2011
1265,Jane Eyre (2011 film),2011
1266,Jiro Dreams of Sushi,2011
1267,Judy Moody and the Not Bummer Summer,2011
1268,Justin Bieber: Never Say Never,2011
1269,Kumaré,2011
1270,Like Crazy (2011 film),2011
1271,Margaret (2011 film),2011
1272,Melancholia (2011 film),2011
1273,Miss Bala (2011 film),2011
1274,Mission: Impossible – Ghost Protocol,2011
1275,Monsieur Lazhar,2011
1276,Monte Carlo (2011 film),2011
1277,Mooz-lum,2011
1278,Neil Young Journeys,2011
1279,New Year's Eve (2011 film),2011
1280,October Baby,2011
1281,Once Upon a Time in Anatolia,2011
1282,One Day (2011 film),2011
1283,"Oslo, August 31st",2011
1284,POM Wonderful Presents: The Greatest Movie Ever Sold,2011
1285,Pariah (2011 film),2011
1286,Pennies from Heaven (1936 film),2011
1287,Phil Ochs: There but for Fortune,2011
1288,Priest (2011 film),2011
1289,Project Nim,2011
1290,Puss in Boots (2011 film),2011
1291,Rango (2011 film),2011
1292,Rapt,2011
1293,Red Riding Hood (2011 film),2011
1294,Restless (2011 film),2011
1295,Restrepo,2011
1296,Rio (2011 film),2011
1297,Season of the Witch (2011 film),2011
1298,Septien,2011
1299,Seven Days in Utopia,2011
1300,Shame (2011 film),2011
1301,Shark Night,2011
1302,Spy Kids: All the Time in the World,2011
1303,Straw Dogs (2011 film),2011
1304,Sucker Punch (2011 film),2011
1305,Super 8 (2011 film),2011
1306,Surviving Progress,2011
1307,The Ambassador (2011 film),2011
1308,The Divide (2011 film),2011
1309,The Eagle (2011 film),2011
1310,The Girl with the Dragon Tattoo (2011 film),2011
1311,The Green Hornet (2011 film),2011
1312,The Guard (2011 film),2011
1313,The Human Centipede 2 (Full Sequence),2011
1314,The Ides of March (2011 film),2011
1315,The Incredible Invasion,2011
1316,The Lion King,2011
1317,The Lion of Judah,2011
1318,The Mechanic (2011 film),2011
1319,The Oranges,2011
1320,The Other Woman (2009 film),2011
1321,The Raid (2011 film),2011
1322,The Rite (2011 film),2011
1323,The Skin I Live In,2011
1324,The Thing (2011 film),2011
1325,The Three Musketeers (2011 film),2011
1326,The Time That Remains,2011
1327,The Twilight Saga: Breaking Dawn – Part 1,2011
1328,The Way (2010 film),2011
1329,The Woman in the Fifth,2011
1330,This Is Not a Film,2011
1331,Union Square,2011
1332,Unknown (2011 film),2011
1333,Unleashed (2005 film),2011
1334,Warrior (2011 film),2011
1335,We Have a Pope,2011
1336,Where Do We Go Now?,2011
1337,Winnie Mandela,2011
1338,Winnie the Pooh (2011 film),2011
1339,X-Men: First Class,2011
1340,2 Days in New York,2012
1341,"3,2,1... Frankie Go Boom",2012
1342,5 Broken Cameras,2012
1343,A Late Quartet,2012
1344,A Liar's Autobiography,2012
1345,Ai Weiwei: Never Sorry,2012
1346,Amador,2012
1347,Amour (2012 film),2012
1348,Anna Karenina (2012 film),2012
1349,Bad Kids Go to Hell,2012
1350,Beneath the Darkness,2012
1351,Bounty (1960 ship),2012
1352,Casa de Mi Padre,2012
1353,Celeste and Jesse Forever,2012
1354,Chasing Ice,2012
1355,Cheerful Weather for the Wedding,2012
1356,Collaborator,2012
1357,Comic-Con Episode IV: A Fan's Hope,2012
1358,Crooked Arrows,2012
1359,Cry Freedom,2012
1360,Damsels in Distress,2012
1361,Deadfall (2012 film),2012
1362,Declaration of War,2012
1363,Detropia,2012
1364,Dino Time,2012
1365,Don't Go in the Woods (2010 film),2012
1366,Ek Tha Tiger,2012
1367,Entrance,2012
1368,Exit Strategy,2012
1369,First Position,2012
1370,Footnote,2012
1371,Fullmetal Alchemist: The Sacred Star of Milos,2012
1372,Fury (2012 film),2012
1373,Head Games,2012
1374,Headhunters,2012
1375,Heleno,2012
1376,Hysteria (2011 film),2012
1377,James Bond in film,2012
1378,Jesus Henry Christ,2012
1379,Jiro Dreams of Sushi,2012
1380,John Williams,2012
1381,Keyhole,2012
1382,Kumaré,2012
1383,Last Ride,2012
1384,Les Misérables (2012 film),2012
1385,Lovely Molly,2012
1386,"Lula, Son of Brazil",2012
1387,Mansome,2012
1388,Marley,2012
1389,Monsieur Lazhar,2012
1390,Mychael Danna,2012
1391,Nativity 2: Danger in the Manger,2012
1392,Nobody Walks,2012
1393,Norwegian Wood,2012
1394,"Oslo, August 31st",2012
1395,Payback (2012 film),2012
1396,Polisse,2012
1397,Promised Land (2012 film),2012
1398,Pusher (2012 film),2012
1399,Quartet (2012 film),2012
1400,Raaz 3D,2012
1401,Searching for Sugar Man,2012
1402,Shut Up and Play the Hits,2012
1403,Sing Your Song,2012
1404,Stolen (2012 film),2012
1405,Tabu (2012 film),2012
1406,Talaash: The Answer Lies Within,2012
1407,The Adventures of Barry McKenzie,2012
1408,The Amazing Spider-Man (2012 film),2012
1409,The Avengers (2012 film),2012
1410,The Divide (2011 film),2012
1411,The Fitzgerald Family Christmas,2012
1412,The Flowers of War,2012
1413,The Impossible (2012 film),2012
1414,The Imposter (2012 film),2012
1415,The Invisible War,2012
1416,The Master (2012 film),2012
1417,The Oranges,2012
1418,The Paperboy (2012 film),2012
1419,The Queen of Versailles,2012
1420,The Raid (2011 film),2012
1421,The Twilight Saga: Breaking Dawn – Part 2,2012
1422,The Waiting Room (2012 film),2012
1423,The Wicker Tree,2012
1424,The Woman in the Fifth,2012
1425,This Is Not a Film,2012
1426,Thomas Newman,2012
1427,Under African Skies,2012
1428,Unforgivable (2011 film),2012
1429,Virginia (2010 film),2012
1430,We Have a Pope,2012
1431,West of Memphis,2012
1432,Where Do We Go Now?,2012
1433,100 Bloody Acres,2013
1434,47 Ronin (2013 film),2013
1435,A Dark Truth,2013
1436,A Glimpse Inside the Mind of Charles Swan III,2013
1437,A Madea Christmas,2013
1438,Aftershock (2012 film),2013
1439,As Luck Would Have It (2011 film),2013
1440,Attarintiki Daredi,2013
1441,Aurangzeb,2013
1442,Baadshah (2013 film),2013
1443,Baggage Claim,2013
1444,Bastards (2013 film),2013
1445,Battle of the Year,2013
1446,Beautiful Creatures (2013 film),2013
1447,Bhaag Milkha Bhaag,2013
1448,Black Rock (2012 film),2013
1449,"Bless Me, Ultima",2013
1450,Blue Is the Warmest Colour,2013
1451,Bombay Talkies,2013
1452,Carrie (2013 film),2013
1453,Chennai Express,2013
1454,Closed Circuit (2013 film),2013
1455,Commitment,2013
1456,Copperhead (2013 film),2013
1457,Crave,2013
1458,Crawlspace (2012 film),2013
1459,D-Day (2013 film),2013
1460,Dealin' with Idiots,2013
1461,Disconnect (2012 film),2013
1462,Dragon Ball Z: Battle of Gods,2013
1463,Epic (2013 film),2013
1464,Evil Dead (2013 film),2013
1465,Fast & Furious 6,2013
1466,Fists of Legend,2013
1467,Free Birds,2013
1468,Freeloaders,2013
1469,Frozen (2013 film),2013
1470,Fukrey,2013
1471,Goddess (2013 film),2013
1472,Grace Unplugged,2013
1473,Gravity (2013 film),2013
1474,Greetings from Tim Buckley,2013
1475,Hammer of the Gods (2013 film),2013
1476,Happy People: A Year in the Taiga,2013
1477,He's Way More Famous Than You,2013
1478,Hello Herman,2013
1479,Himmatwala (2013 film),2013
1480,Home Run,2013
1481,How to Make Money Selling Drugs,2013
1482,Hummingbird,2013
1483,I'm So Excited,2013
1484,I'm in Love with a Church Girl,2013
1485,"I, Me Aur Main",2013
1486,Inappropriate Comedy,2013
1487,Iron Man 3,2013
1488,It's a Disaster,2013
1489,Jackass Presents: Bad Grandpa,2013
1490,Java Heat,2013
1491,Journey to the West: Conquering the Demons,2013
1492,Jurassic Park,2013
1493,Kai Po Che!,2013
1494,Kevin Hart: Let Me Explain,2013
1495,Knife Fight,2013
1496,LUV,2013
1497,Liberators: Fighting on Two Fronts in World War II,2013
1498,Lootera,2013
1499,Love and Honor (2013 film),2013
1500,Mama (2013 film),2013
1501,Matru Ki Bijlee Ka Mandola,2013
1502,Metallica Through the Never,2013
1503,Much Ado About Nothing (2012 film),2013
1504,Mud (2012 film),2013
1505,Murder 3,2013
1506,My Little Pony: Equestria Girls,2013
1507,Oblivion (2013 film),2013
1508,Oldboy (2013 film),2013
1509,One Direction: This Is Us,2013
1510,Paranoia (2013 film),2013
1511,Parker (2013 film),2013
1512,Peeples,2013
1513,Phantom (2013 film),2013
1514,Pokémon the Movie: Genesect and the Legend Awakened,2013
1515,Prisoners (2013 film),2013
1516,Race 2,2013
1517,Ramayya Vasthavayya,2013
1518,Red 2,2013
1519,Romeo & Juliet (2013 film),2013
1520,Rush (2013 film),2013
1521,Scenic Route,2013
1522,Settai,2013
1523,Shootout at Wadala,2013
1524,Shuddh Desi Romance,2013
1525,Side Effects (2013 film),2013
1526,So Young,2013
1527,Some Girl(s),2013
1528,Sound City,2013
1529,Special 26,2013
1530,Steven Price (composer),2013
1531,Struck by Lightning (2012 film),2013
1532,Supporting Characters,2013
1533,Swerve,2013
1534,Table No. 21,2013
1535,Television (2012 film),2013
1536,Thalaivaa,2013
1537,The Attacks of 26/11,2013
1538,The Brass Teapot,2013
1539,The Call (2013 film),2013
1540,The Christmas Candle,2013
1541,The Family (2013 film),2013
1542,The Great Gatsby (2013 film),2013
1543,The Harry Hill Movie,2013
1544,The Host (2013 film),2013
1545,The Last Exorcism Part II,2013
1546,The Last Stand (2013 film),2013
1547,The Lone Ranger (2013 film),2013
1548,The Look of Love,2013
1549,The Secret Life of Walter Mitty (2013 film),2013
1550,The Taste of Money,2013
1551,"The Way, Way Back",2013
1552,The Wizard of Oz (1939 film),2013
1553,The Wolf of Wall Street (2013 film),2013
1554,This Is Martin Bonner,2013
1555,Tiger Eyes,2013
1556,Top Gun,2013
1557,Touchy Feely,2013
1558,Trance (2013 film),2013
1559,Walking with Dinosaurs,2013
1560,Wrong,2013
1561,Yossi,2013
1562,2 States (2014 film),2014
1563,"20,000 Days on Earth",2014
1564,24 Exposures,2014
1565,A Brony Tale,2014
1566,A Few Cubic Meters of Love,2014
1567,About Last Night (2014 film),2014
1568,Addicted (2014 film),2014
1569,Alive Inside: A Story of Music and Memory,2014
1570,America: Imagine the World Without Her,2014
1571,Angry Video Game Nerd: The Movie,2014
1572,Anjaan (2014 film),2014
1573,Annie (2014 film),2014
1574,Antonio Sánchez (drummer),2014
1575,Apaye,2014
1576,Appropriate Behavior,2014
1577,Back in the Day (2014 film),2014
1578,Bang Bang!,2014
1579,Barefoot (2014 film),2014
1580,Bears,2014
1581,Beauty and the Beast (2014 film),2014
1582,Before I Disappear,2014
1583,Being Mrs Elliot,2014
1584,Believe Me,2014
1585,Best Night Ever,2014
1586,Better Living Through Chemistry,2014
1587,Big Bad Wolves,2014
1588,Birdman,2014
1589,Calvary (2014 film),2014
1590,Candlestick,2014
1591,Carry On Sergeant,2014
1592,Chef (2014 film),2014
1593,César Chávez,2014
1594,Dead Snow: Red vs. Dead,2014
1595,Deliver Us from Evil (2014 film),2014
1596,Desert Dancer,2014
1597,Detective Conan: Dimensional Sniper,2014
1598,Devil in the Detail,2014
1599,Devil's Due,2014
1600,Difret,2014
1601,Divin Enfant,2014
1602,Drunktown's Finest,2014
1603,Dumbbells,2014
1604,Earth to Echo,2014
1605,Ek Villain,2014
1606,Endless Love (2014 film),2014
1607,Faults,2014
1608,Finding Fanny,2014
1609,Fishing Without Nets (2014 film),2014
1610,Fiston,2014
1611,Force Majeure,2014
1612,Freezer,2014
1613,Fury (2014 film),2014
1614,Gimme Shelter (2013 film),2014
1615,Giovanni's Island,2014
1616,Gloria (2013 film),2014
1617,Godzilla (2014 film),2014
1618,Gunday,2014
1619,Happy New Year (2014 film),2014
1620,Hellion,2014
1621,Hercules (2014 film),2014
1622,Holiday: A Soldier Is Never Off Duty,2014
1623,Into the Storm (2014 film),2014
1624,Island of Lemurs: Madagascar,2014
1625,Jacky in Women's Kingdom,2014
1626,Jai Ho,2014
1627,Jamesy Boy,2014
1628,Kick (2014 film),2014
1629,Kidnapped for Christ,2014
1630,Kill the Messenger (2014 film),2014
1631,Knocking on Heaven's Door (2014 film),2014
1632,Left Behind (2014 film),2014
1633,"Les Trois Frères, le retour",2014
1634,Let's Kill Ward's Wife,2014
1635,"Like Father, Like Son (2013 film)",2014
1636,Lilting,2014
1637,Love Is Strange,2014
1638,Lucy (2014 film),2014
1639,Make a Move,2014
1640,Mary Kom,2014
1641,Men Who Save the World,2014
1642,Mischief Night (2014 film),2014
1643,Mrs. Brown's Boys D'Movie,2014
1644,My Little Pony: Equestria Girls – Rainbow Rocks,2014
1645,My Old Lady,2014
1646,Na Maloom Afraad,2014
1647,"Nativity 3: Dude, Where's My Donkey?",2014
1648,Ned Rifle,2014
1649,Neighbors (2014 film),2014
1650,Next Goal Wins,2014
1651,No Good Deed (2014 film),2014
1652,Noah (2014 film),2014
1653,Noble,2014
1654,Northmen: A Viking Saga,2014
1655,O21,2014
1656,Ouija (2014 film),2014
1657,Persecuted,2014
1658,Pokémon the Movie: Diancie and the Cocoon of Destruction,2014
1659,Preservation (2014 film),2014
1660,Redirected,2014
1661,Render to Caesar,2014
1662,Repentance (2014 film),2014
1663,RoboCop (2014 film),2014
1664,Rosewater,2014
1665,Run & Jump,2014
1666,Run (2014 film),2014
1667,Sabotage (2014 film),2014
1668,Saint Laurent,2014
1669,School Dance,2014
1670,Searching for Sugar Man,2014
1671,Singham Returns,2014
1672,Stand by Me Doraemon,2014
1673,Step Up: All In,2014
1674,Summer in February,2014
1675,Supercondriaque,2014
1676,Teenage Mutant Ninja Turtles (2014 film),2014
1677,The Anomaly,2014
1678,The Better Angels,2014
1679,The Book of Life (2014 film),2014
1680,The Breakup Guru,2014
1681,The Case Against 8,2014
1682,The Dark Valley,2014
1683,The Fluffy Movie,2014
1684,The Gambler (2014 film),2014
1685,The Hunger Games: Mockingjay – Part 1,2014
1686,The Identical,2014
1687,The Idolmaster Movie: Beyond the Brilliant Future!,2014
1688,The Judge (2014 film),2014
1689,The Last: Naruto the Movie,2014
1690,The Monkey King,2014
1691,The Nut Job,2014
1692,The Other Woman (2014 film),2014
1693,The Quiet Ones (2014 film),2014
1694,The Rover (2014 film),2014
1695,The Search (2014 film),2014
1696,The Signal (2014 film),2014
1697,The Single Moms Club,2014
1698,The Theory of Everything (2014 film),2014
1699,The Trip to Italy,2014
1700,Timbuktu (2014 film),2014
1701,Transcendence (2014 film),2014
1702,Tusk (2014 film),2014
1703,Two Men in Town (2014 film),2014
1704,Vengeance (2014 film),2014
1705,Vessel,2014
1706,Veve,2014
1707,Virunga,2014
1708,When Marnie Was There,2014
1709,Where Hope Grows,2014
1710,Whiplash (2014 film),2014
1711,Whitey: United States of America v. James J. Bulger,2014
1712,Wild (2014 film),2014
1713,Wild Tales,2014
1714,X+Y,2014
1715,Young Ones,2014
1716,Yves Saint Laurent,2014
1717,"10,000 km",2015
1718,11 Minutes,2015
1719,12 Golden Ducks,2015
1720,1944,2015
1721,20 Once Again,2015
1722,3 Bahadur,2015
1723,600 Miles,2015
1724,7 Letters,2015
1725,A Hard Day,2015
1726,A Lego Brickumentary,2015
1727,A War,2015
1728,A la mala,2015
1729,ABCD 2,2015
1730,Aambala,2015
1731,Addicted to Fresno,2015
1732,Advantageous,2015
1733,Aferim!,2015
1734,Against the Sun,2015
1735,Agileswari,2015
1736,Aida (2015 film),2015
1737,Aloha (2015 film),2015
1738,Amnesia (2015 film),2015
1739,Amy (2015 film),2015
1740,Arabian Nights (2015 film),2015
1741,Arrows of the Thunder Dragon,2015
1742,Baahubali: The Beginning,2015
1743,Baba Joon,2015
1744,Babai,2015
1745,Baby(a)lone,2015
1746,Bad Night,2015
1747,Batkid Begins,2015
1748,Be My Cat: A Film for Anne,2015
1749,Best of Enemies (2015 film),2015
1750,Beyond the Mask,2015
1751,Big Stone Gap,2015
1752,Bill (2015 film),2015
1753,Bin Roye,2015
1754,Bizarre,2015
1755,Boonie Bears: Mystical Winter,2015
1756,Born to Dance (2015 film),2015
1757,Boruto: Naruto the Movie,2015
1758,Break Point,2015
1759,Broken Horses,2015
1760,By the Sea (2015 film),2015
1761,C'est si bon,2015
1762,Cake (2014 film),2015
1763,Captive (2015 film),2015
1764,Cartel Land,2015
1765,Christmas Eve (2015 film),2015
1766,Cicak Man 3,2015
1767,Cinderella (2015 Disney film),2015
1768,Concussion (2015 film),2015
1769,Criminal Activities,2015
1770,Dark Places (2015 film),2015
1771,Darling (2015 Tamil film),2015
1772,Detective Byomkesh Bakshy!,2015
1773,Dharani,2015
1774,Dilwale (2015 film),2015
1775,Don't Be Bad,2015
1776,Dope (2015 film),2015
1777,Enclave,2015
1778,Entertainment (2015 film),2015
1779,Everest (2015 film),2015
1780,Every Thing Will Be Fine,2015
1781,Eye in the Sky (2015 film),2015
1782,Faith of Our Fathers,2015
1783,Fantastic Four (2015 film),2015
1784,Far from the Madding Crowd (2015 film),2015
1785,Focus (2015 film),2015
1786,Fresh Dressed,2015
1787,Gabbar Is Back,2015
1788,Go Away Mr. Tumor,2015
1789,Goat (2015 film),2015
1790,He Named Me Malala,2015
1791,Heavenly Nomadic,2015
1792,Heneral Luna,2015
1793,Hitchcock/Truffaut,2015
1794,Home (2015 film),2015
1795,Home Care,2015
1796,Honey Night,2015
1797,Horror (2015 film),2015
1798,Hot Pursuit (2015 film),2015
1799,How to Win at Checkers (Every Time),2015
1800,Hyena (2014 film),2015
1801,I,2015
1802,I Kissed a Girl,2015
1803,I'll See You in My Dreams (2015 film),2015
1804,Inside Out (2015 film),2015
1805,Isai,2015
1806,Ixcanul,2015
1807,Jackpot (2015 film),2015
1808,Jalaibee,2015
1809,James White,2015
1810,Jawani Phir Nahi Ani,2015
1811,Jimmy's Hall,2015
1812,Joe Dirt 2: Beautiful Loser,2015
1813,Jwanita,2015
1814,Karachi Se Lahore,2015
1815,Kidnapping Freddy Heineken,2015
1816,Killadi,2015
1817,Knock Knock (2015 film),2015
1818,Lamb (2015 Ethiopian film),2015
1819,Lambert & Stamp,2015
1820,Legend (2015 film),2015
1821,Les Anarchistes,2015
1822,Life (2015 film),2015
1823,London Road,2015
1824,Love (2015 film),2015
1825,Macbeth (2015 film),2015
1826,Manto (2015 film),2015
1827,Max (2015 film),2015
1828,Maya (2015 Pakistani film),2015
1829,Mediterranea,2015
1830,Mia Madre,2015
1831,Microbe & Gasoline,2015
1832,Mission: Impossible – Rogue Nation,2015
1833,Moira,2015
1834,Mommy (2014 film),2015
1835,Monkey Kingdom,2015
1836,Moor,2015
1837,Muhammad: The Messenger of God,2015
1838,My All American,2015
1839,NH10,2015
1840,No Escape (2015 film),2015
1841,Old Fashioned,2015
1842,Our Brand Is Crisis (2015 film),2015
1843,Our Everyday Life,2015
1844,Outpost 37,2015
1845,Pan (2015 film),2015
1846,Piku,2015
1847,Pioneer Heroes,2015
1848,Pixels (2015 film),2015
1849,Point Break (2015 film),2015
1850,Polis Evo,2015
1851,Poltergeist (2015 film),2015
1852,Preggoland,2015
1853,Prem Ratan Dhan Payo,2015
1854,Preservation (2014 film),2015
1855,Presos,2015
1856,Prizrak,2015
1857,Pulan Visaranai 2,2015
1858,Queen of Earth,2015
1859,REC 4: Apocalypse,2015
1860,Rams (2015 film),2015
1861,Red Army,2015
1862,Remember (2015 film),2015
1863,Results,2015
1864,Return to Sender (2015 film),2015
1865,Road Hard,2015
1866,Room (2015 film),2015
1867,Running Man (2015 film),2015
1868,Samba (2014 film),2015
1869,Scooby-Doo! Stage Fright,2015
1870,Shah,2015
1871,Sicario (2015 film),2015
1872,Sisters (2015 film),2015
1873,Skin Trade,2015
1874,Smosh: The Movie,2015
1875,Somewhere Only We Know,2015
1876,Son of Saul,2015
1877,Spare Parts (2015 film),2015
1878,Spectre (2015 film),2015
1879,Spooks: The Greater Good,2015
1880,Spy (2015 film),2015
1881,Star Wars: The Force Awakens,2015
1882,Steve Jobs: The Man in the Machine,2015
1883,Stonewall (2015 film),2015
1884,Stranger (2015 film),2015
1885,Sunshine Superman,2015
1886,Tanu Weds Manu: Returns,2015
1887,Tevar,2015
1888,The Assassin (2015 film),2015
1889,The Bad Education Movie,2015
1890,The Brand New Testament,2015
1891,The Clan,2015
1892,The Club (2015 film),2015
1893,The Department,2015
1894,The Divergent Series: Insurgent,2015
1895,The Dressmaker (2015 film),2015
1896,The Falling (2014 film),2015
1897,The Farewell Party,2015
1898,The Fencer,2015
1899,The Gift (2015 film),2015
1900,The High Sun,2015
1901,The Human Centipede 3 (Final Sequence),2015
1902,The Hunger Games: Mockingjay – Part 2,2015
1903,The Intern (2015 film),2015
1904,The Kindergarten Teacher (2014 film),2015
1905,The Lazarus Effect (2015 film),2015
1906,The Legend of Barney Thomson,2015
1907,The Letters (2014 film),2015
1908,The Little Death (2014 film),2015
1909,The Messenger (2015 horror film),2015
1910,The Night Before (2015 film),2015
1911,The Paradise Suite,2015
1912,The Perfect Guy (2015 film),2015
1913,The Program (2015 film),2015
1914,The Prophet (2014 film),2015
1915,The Revenant (2015 film),2015
1916,The Second Mother (2015 film),2015
1917,The Summer of Sangailė,2015
1918,The Sweet Escape,2015
1919,The Throne,2015
1920,The Two of Us (2015 film),2015
1921,The Visit (2015 American film),2015
1922,The Walk (2015 film),2015
1923,The Wave (2015 film),2015
1924,The World Made Straight,2015
1925,Thottal Thodarum,2015
1926,Timbuktu (2014 film),2015
1927,To the Fore,2015
1928,Touring Talkies,2015
1929,Trumbo (2015 film),2015
1930,Truth (2015 film),2015
1931,Under Milk Wood (2015 film),2015
1932,Unfinished Business (2015 film),2015
1933,Utopia (2015 film),2015
1934,Vacation (2015 film),2015
1935,Vedalam,2015
1936,Vere Vazhi Ille,2015
1937,Viva (2015 film),2015
1938,Where to Invade Next,2015
1939,Wild Card (2015 film),2015
1940,Wild Tales,2015
1941,Wolf Totem,2015
1942,Woodlawn,2015
1943,Wrong No.,2015
1944,Yennai Arindhaal,2015
1945,You Carry Me,2015
1946,Youth (2015 film),2015
1947,Zhong Kui: Snow Girl and the Dark Crystal,2015
1948,13 Hours: The Secret Soldiers of Benghazi,2016
1949,Alice Through the Looking Glass (2016 film),2016
1950,Almost Christmas,2016
1951,Bad Santa 2,2016
1952,Believe (2016 film),2016
1953,Ben-Hur (2016 film),2016
1954,Bobby Sands: 66 Days,2016
1955,Boonie Bears III,2016
1956,Café Society (2016 film),2016
1957,Cardboard Boxer,2016
1958,Carnage Park,2016
1959,Cemetery of Splendour,2016
1960,Compadres,2016
1961,Countdown (2016 film),2016
1962,Criminal (2016 film),2016
1963,Dad's Army (2016 film),2016
1964,Demolition (2015 film),2016
1965,Diablo (2015 film),2016
1966,Disorder (2015 film),2016
1967,Doctor Strange (2016 film),2016
1968,Don't Think Twice,2016
1969,Elvis & Nixon,2016
1970,Equity,2016
1971,Frank and Lola,2016
1972,Genius (2016 film),2016
1973,Ghostbusters (2016 film),2016
1974,Gleason,2016
1975,Gold (2016 film),2016
1976,Grimsby,2016
1977,Hell or High Water (2016 film),2016
1978,Hillary's America: The Secret History of the Democratic Party,2016
1979,Hillsong: Let Hope Rise,2016
1980,Hush (2016 film),2016
1981,Imperium (2016 film),2016
1982,Incarnate,2016
1983,Indignation,2016
1984,Inferno (2016 film),2016
1985,Jackie (2016 film),2016
1986,Kevin Hart: What Now?,2016
1987,Lazer Team,2016
1988,Lights Out (2016 film),2016
1989,Lion (2016 film),2016
1990,Little Men (2016 film),2016
1991,Little Sister (2016 film),2016
1992,"Lo and Behold, Reveries of the Connected World",2016
1993,Loving (2016 film),2016
1994,Masterminds (2016 film),2016
1995,Mercury Plains,2016
1996,Mia Madre,2016
1997,Moana (2016 film),2016
1998,Moonlight (2016 film),2016
1999,Morgan (2016 film),2016
2000,Morris from America,2016
2001,Mother's Day (2016 film),2016
2002,Mr. Pig,2016
2003,Nerdland,2016
2004,Nerve (2016 film),2016
2005,Nine Lives (2016 film),2016
2006,Norm of the North,2016
2007,Passengers (2016 film),2016
2008,Pete's Dragon (2016 film),2016
2009,Pocket Listing,2016
2010,Queen of Katwe,2016
2011,Race (2016 film),2016
2012,Rampage: President Down,2016
2013,Ratchet & Clank,2016
2014,Risen (2016 film),2016
2015,Rock Dog,2016
2016,Shut In (2016 film),2016
2017,Silence (2016 film),2016
2018,Sing (2016 American film),2016
2019,Skiptrace,2016
2020,Sniper: Special Ops,2016
2021,Son of Saul,2016
2022,Standoff,2016
2023,The Accountant (2016 film),2016
2024,The Angry Birds Movie,2016
2025,The BFG (2016 film),2016
2026,The Birth of a Nation (2016 film),2016
2027,The Boss (2016 film),2016
2028,The Bounce Back,2016
2029,The Boy (2016 film),2016
2030,The Boy and the Beast,2016
2031,The Choice (2016 film),2016
2032,The Comedian (2016 film),2016
2033,The Darkness,2016
2034,The Divergent Series: Allegiant,2016
2035,The Eyes of My Mother,2016
2036,The Finest Hours (2016 film),2016
2037,The Forest (2016 film),2016
2038,The Girl on the Train (2016 film),2016
2039,The Infiltrator (2016 film),2016
2040,The Jungle Book (2016 film),2016
2041,The Magnificent Seven (2016 film),2016
2042,The Masked Saint,2016
2043,The Mermaid (2016 film),2016
2044,The Monkey King 2,2016
2045,The Monster (2016 film),2016
2046,The Other Side of the Door (2016 film),2016
2047,The People vs. Fritz Bauer,2016
2048,The Perfect Match (2016 film),2016
2049,The River Thief,2016
2050,The Salesman (2016 film),2016
2051,The Wave (2015 film),2016
2052,The Witch (2015 film),2016
2053,They're Watching,2016
2054,Things to Come (2016 film),2016
2055,Voyage of Time,2016
2056,War Dogs (2016 film),2016
2057,When Elephants Were Young,2016
2058,When the Bough Breaks (2016 film),2016
2059,Zero Days,2016
2060,100 Streets,2017
2061,2:22 (2017 film),2017
2062,3 Generations,2017
2063,9/11 (2017 film),2017
2064,A Quiet Passion,2017
2065,Aftermath (2017 film),2017
2066,All Nighter,2017
2067,All Saints,2017
2068,American Fable,2017
2069,An Inconvenient Sequel: Truth to Power,2017
2070,Armed Response (2017 film),2017
2071,Arsenal (2017 film),2017
2072,Atomica,2017
2073,Baahubali 2: The Conclusion,2017
2074,Ballerina (2016 film),2017
2075,Battle of the Sexes (2017 film),2017
2076,Beatriz at Dinner,2017
2077,Beauty and the Beast (2017 film),2017
2078,Between Us (2016 film),2017
2079,Bitter Harvest (2017 film),2017
2080,Blood Money (2017 film),2017
2081,Boo 2! A Madea Halloween,2017
2082,Born in China,2017
2083,Breathe (2017 film),2017
2084,Buena Vista Social Club: Adios,2017
2085,Burning Sands (2017 film),2017
2086,CHiPs,2017
2087,Catfight,2017
2088,Coco (2017 film),2017
2089,Columbus (2017 film),2017
2090,Daddy's Home 2,2017
2091,Dean,2017
2092,Detour (2016 film),2017
2093,Donald Cried,2017
2094,Dunkirk (2017 film),2017
2095,Everybody Loves Somebody,2017
2096,First Kill (2017 film),2017
2097,Flatliners (2017 film),2017
2098,Ghost in the Shell (2017 film),2017
2099,Gifted (2017 film),2017
2100,Going in Style (2017 film),2017
2101,Growing Up Smith,2017
2102,Gun Shy (2017 film),2017
2103,Home Again (2017 film),2017
2104,I Am Not Your Negro,2017
2105,I Don't Feel at Home in This World Anymore,2017
2106,IBoy,2017
2107,Inconceivable (2017 film),2017
2108,It (2017 film),2017
2109,Jeepers Creepers 3,2017
2110,Jigsaw (2017 film),2017
2111,Kedi (2016 film),2017
2112,Kidnap (2017 film),2017
2113,Land of Mine,2017
2114,Leatherface (2017 film),2017
2115,Lemon (2017 film),2017
2116,Life (2017 film),2017
2117,Los Buscadores,2017
2118,Lost in Florence,2017
2119,Lovesong,2017
2120,Menashe,2017
2121,Mr. Roosevelt,2017
2122,Murder on the Orient Express (2017 film),2017
2123,My Cousin Rachel (2017 film),2017
2124,My Entire High School Sinking Into the Sea,2017
2125,My Little Pony: The Movie (2017 film),2017
2126,Napping Princess,2017
2127,Norman: The Moderate Rise and Tragic Fall of a New York Fixer,2017
2128,Novitiate,2017
2129,Only the Brave (2017 film),2017
2130,Outrage Coda,2017
2131,Patti Cake$,2017
2132,Permanent,2017
2133,Phoenix Forgotten,2017
2134,Pokémon the Movie: I Choose You!,2017
2135,Railroad Tigers,2017
2136,Raw,2017
2137,Rings (2017 film),2017
2138,Sleepless (2017 film),2017
2139,Snatched (2017 film),2017
2140,Sophie and the Rising Sun,2017
2141,Spark (2016 film),2017
2142,Split (2016 American film),2017
2143,Star Wars: The Last Jedi,2017
2144,Step,2017
2145,Sword Art Online The Movie: Ordinal Scale,2017
2146,Table 19,2017
2147,Thank You for Your Service (2017 film),2017
2148,The Beguiled (2017 film),2017
2149,The Circle (2017 film),2017
2150,The Dark Tower (2017 film),2017
2151,The Dinner (2017 film),2017
2152,The Foreigner (2017 film),2017
2153,The Good Catholic,2017
2154,The House (2017 film),2017
2155,The Last Word (2017 film),2017
2156,The Lion King 1 1/2,2017
2157,The Lovers (2017 film),2017
2158,The Man Who Invented Christmas,2017
2159,The Mummy (2017 film),2017
2160,The Nut Job 2: Nutty by Nature,2017
2161,The Outcasts (2017 film),2017
2162,The Promise (2016 film),2017
2163,The Red Turtle,2017
2164,The Resurrection of Gavin Stone,2017
2165,The Sense of an Ending,2017
2166,The Shack (2017 film),2017
2167,The Snowman (2017 film),2017
2168,The Star (2017 film),2017
2169,The Unknown Soldier (2017 film),2017
2170,The Wall (2017 film),2017
2171,The Wedding Plan,2017
2172,Trespass Against Us,2017
2173,Unforgettable (2017 film),2017
2174,Unlocked (2017 film),2017
2175,Wheels (2014 film),2017
2176,Wilson (2017 film),2017
2177,Wolf Warrior 2,2017
2178,Wonder Woman (2017 film),2017
2179,Wonderstruck,2017
2180,Woodshock,2017
2181,XX,2017
2182,XXX: Return of Xander Cage,2017
2183,Your Name,2017
2184,Youth in Oregon,2017
2185,A Star Is Born (2018 film),2018
2186,A Wrinkle in Time (2018 film),2018
2187,A.X.L.,2018
2188,Action Point,2018
2189,Acts of Violence,2018
2190,Adrift (2018 film),2018
2191,Armed,2018
2192,Backstabbing for Beginners,2018
2193,Beautiful Boy (2018 film),2018
2194,Beirut,2018
2195,Billionaire Boys Club (2018 film),2018
2196,Bleach (2018 film),2018
2197,Boundaries (2018 film),2018
2198,Breaking In (2018 film),2018
2199,Bullitt County,2018
2200,Capernaum,2018
2201,Cold War (2018 film),2018
2202,Colette (2018 film),2018
2203,Damsel (2018 film),2018
2204,Death Wish (2018 film),2018
2205,Destroyer (2018 film),2018
2206,Detective Dee: The Four Heavenly Kings,2018
2207,Disobedience (2017 film),2018
2208,Dog Days (2018 film),2018
2209,Early Man,2018
2210,Entebbe,2018
2211,Every Day (2018 film),2018
2212,Fahrenheit 11/9,2018
2213,Foxtrot (2017 film),2018
2214,Freak Show,2018
2215,Furlough,2018
2216,Future World,2018
2217,Gemini (2017 film),2018
2218,God's Not Dead: A Light in Darkness,2018
2219,Golden Exits,2018
2220,Gosnell: The Trial of America's Biggest Serial Killer,2018
2221,Gotti (2018 film),2018
2222,Gringo (2018 film),2018
2223,Halloween (2018 film),2018
2224,Hell Fest,2018
2225,Humor Me,2018
2226,In Darkness (2018 film),2018
2227,Indivisible (2018 film),2018
2228,Kings (2017 film),2018
2229,Kri,2018
2230,Life Itself (2018 film),2018
2231,Life of the Party (2018 film),2018
2232,Liz and the Blue Bird,2018
2233,Lizzie (2018 film),2018
2234,"Love, Gilda",2018
2235,Mary Queen of Scots (2018 film),2018
2236,Mary and the Witch's Flower,2018
2237,Midnight Sun (2018 film),2018
2238,Mission: Impossible – Fallout,2018
2239,Monster Family,2018
2240,My Hero Academia: Two Heroes,2018
2241,Never Goin' Back,2018
2242,Night School (2018 film),2018
2243,Nobody's Fool (2018 film),2018
2244,Nostalgia (2018 film),2018
2245,Overboard (2018 film),2018
2246,Overlord (2018 film),2018
2247,Papillon (2017 film),2018
2248,Peppermint (2018 film),2018
2249,Pickings,2018
2250,Pokémon the Movie: The Power of Us,2018
2251,Pope Francis: A Man of His Word,2018
2252,Proud Mary,2018
2253,Puzzle (2018 film),2018
2254,Rampage (2018 film),2018
2255,Revenge (2017 film),2018
2256,Robin Hood (2018 film),2018
2257,Roma (2018 film),2018
2258,Samson (2018 film),2018
2259,Sgt. Stubby: An American Hero,2018
2260,Show Dogs,2018
2261,Skyscraper (2018 film),2018
2262,Social Animals,2018
2263,Superfly (2018 film),2018
2264,Suspiria (2018 film),2018
2265,Sweet Country (2017 film),2018
2266,Tag (2018 film),2018
2267,Terminal (2018 film),2018
2268,The Cleanse,2018
2269,The Cured,2018
2270,The Guardians (2017 film),2018
2271,The Happy Prince (2018 film),2018
2272,The House of Tomorrow (2017 film),2018
2273,The Hurricane Heist,2018
2274,The Insult,2018
2275,The Last Movie Star,2018
2276,The Leisure Seeker,2018
2277,The Little Stranger,2018
2278,The Miracle Season,2018
2279,The Misandrists,2018
2280,The Mule (2018 film),2018
2281,The Nun (2018 film),2018
2282,The Oath (2018 film),2018
2283,The Party (2017 film),2018
2284,The Seagull (2018 film),2018
2285,The Strange Ones,2018
2286,The Strangers: Prey at Night,2018
2287,The Wife (2017 film),2018
2288,Thoroughbreds (2017 film),2018
2289,Traffik (2018 film),2018
2290,Truth or Dare (2018 film),2018
2291,Tully (2018 film),2018
2292,Unbroken: Path to Redemption,2018
2293,Vazante,2018
2294,Venom (2018 film),2018
2295,Vice (2018 film),2018
2296,Whitney (2018 film),2018
2297,Widows (2018 film),2018
2298,Won't You Be My Neighbor?,2018
